song_id,name,difficulty,unofficial_diff,ec_diff,hc_diff,exh_diff,ec_count,hc_count,exh_count
61,"era (nostalmix)",HYPER,12.0,2.3,7.1,11.2,2299,1241,179
62,"era (nostalmix)",ANOTHER,12.1,4.3,8.8,12.6,1949,799,63
65,Holic,ANOTHER,12.4,6.7,10.2,13.6,1601,513,26
108,DXY!,HYPER,12.2,3.6,8.5,12.6,2351,954,69
109,DXY!,ANOTHER,12.5,8.3,11.8,13.9,1015,187,10
114,"era (step mix)",ANOTHER,12.1,4.2,8.9,12.6,1929,778,64
132,minimalian,ANOTHER,12.5,7.9,9.8,12.0,1255,709,138
140,starmine,ANOTHER,12.1,2.6,6.6,10.7,2436,1616,287
143,"SWEET LAB",ANOTHER,12.2,4.1,8.3,12.5,1806,871,69
163,QQQ,HYPER,12.1,3.2,6.7,10.7,2359,1456,276
210,"Colors (radio edit)",ANOTHER,11.8,1.0,6.0,10.3,2773,1860,396
224,G2,ANOTHER,12.3,5.5,7.9,12.0,1851,1151,132
230,NEMESIS,ANOTHER,12.7,10.5,13.2,14.0,443,48,7
235,"route 80s",ANOTHER,12.0,2.6,8.2,11.8,2244,1008,136
240,"Summer Vacation(CU mix)",HYPER,12.0,1.4,7.0,11.5,2587,1445,171
250,A,ANOTHER,12.4,6.6,9.0,11.7,1578,900,156
261,"Cheer Train",ANOTHER,12.4,7.4,11.2,13.8,1234,269,14
288,Spica,ANOTHER,11.8,1.3,7.4,11.5,2631,1382,183
291,stoic,ANOTHER,12.0,2.1,7.4,11.3,2522,1364,199
302,"革命",HYPER,12.1,3.0,6.7,10.2,2332,1484,338
303,"革命",ANOTHER,12.3,5.3,8.5,11.8,1829,966,134
352,"murmur twins",ANOTHER,12.0,1.3,5.8,9.8,2642,1885,468
381,"桜",ANOTHER,12.1,3.6,8.0,12.2,2020,1015,96
418,Karma,ANOTHER,12.4,6.5,8.4,11.3,1652,1072,215
430,"lower world",ANOTHER,12.1,2.5,5.8,9.5,2431,1856,562
439,moon_child,ANOTHER,12.4,7.4,10.5,13.0,1439,481,55
448,quasar,ANOTHER,12.6,10.0,11.8,13.6,640,194,26
456,"RISLIM -Remix-",ANOTHER,12.3,6.1,8.1,11.6,1701,1129,170
481,"1st Samurai",ANOTHER,12.1,3.5,7.7,11.0,2177,1248,256
524,"GHOST REVIVAL",ANOTHER,12.0,1.5,7.0,11.2,2537,1496,225
533,"Innocent Walls",ANOTHER,12.2,4.9,8.0,12.0,2134,1112,115
536,"Love Is Eternity",ANOTHER,12.2,4.8,5.9,9.3,2163,1850,605
547,No.13,ANOTHER,12.2,3.9,7.7,10.8,2409,1324,303
550,"One More Lovely",ANOTHER,12.4,7.4,9.7,12.5,1450,741,85
573,"雪月花",ANOTHER,12.3,4.6,7.2,11.0,2202,1488,262
576,AA,ANOTHER,12.3,4.6,7.6,10.4,2456,1453,400
591,BLOCKS,ANOTHER,12.1,2.0,6.2,10.1,2506,1768,432
610,"FAKE TIME",HYPER,11.8,1.4,2.8,8.5,2431,2229,652
611,"FAKE TIME",ANOTHER,12.2,4.5,7.1,11.3,2004,1410,189
615,GENOCIDE,HYPER,12.3,5.5,9.5,12.5,1886,740,87
616,GENOCIDE,ANOTHER,12.5,8.2,10.9,13.4,1123,358,40
618,gigadelic,HYPER,12.1,2.8,6.1,10.3,2252,1634,343
619,gigadelic,ANOTHER,12.2,4.3,5.8,9.6,2107,1767,501
646,Sphere,ANOTHER,12.3,4.1,4.1,10.4,2136,2069,291
660,"ピアノ協奏曲第１番”蠍火”",ANOTHER,12.6,9.4,11.8,13.8,827,201,12
696,garden,ANOTHER,12.2,3.8,7.6,11.2,2207,1243,209
709,INAZUMA,ANOTHER,12.3,5.4,8.8,11.9,2079,989,150
736,"SCREAM SQUAD",ANOTHER,12.0,1.5,7.0,11.6,2388,1404,165
785,"冥",ANOTHER,12.5,8.0,13.6,14.1,1201,29,4
805,"Concertino in Blue",ANOTHER,12.0,1.5,7.1,11.1,2519,1495,238
808,CONTRACT,ANOTHER,12.2,4.3,7.6,10.7,2054,1204,267
823,Ganymede,ANOTHER,12.0,1.2,6.2,10.1,2720,1766,407
840,MINT,ANOTHER,11.8,1.1,5.4,8.7,2738,2060,769
861,"tripping contact(teranoid&MC Natsack Remix)",ANOTHER,12.2,4.0,8.0,11.3,2118,1187,214
881,"カゴノトリ～弐式～",ANOTHER,12.4,7.2,10.2,12.7,1451,560,76
887,"華蝶風雪",ANOTHER,12.1,2.9,5.7,9.7,2438,1896,509
890,"嘆きの樹",ANOTHER,12.5,8.5,10.9,12.9,1040,386,65
906,"Candy Galy",ANOTHER,11.8,1.1,4.1,8.6,2697,2264,695
921,"Fascination MAXX",ANOTHER,11.8,2.3,7.5,11.1,2145,1049,200
941,INORI,ANOTHER,12.1,3.2,7.3,10.7,2328,1402,310
944,KAMAITACHI,ANOTHER,12.1,2.0,6.6,10.5,2658,1712,339
945,KAMAITACHI,LEGGENDARIA,12.7,10.8,11.5,13.5,353,229,33
948,"LASER CRUSTER",ANOTHER,12.3,5.9,8.1,10.7,1955,1210,330
968,"Sense 2007",HYPER,12.1,1.3,4.4,9.4,2560,2097,537
969,"Sense 2007",ANOTHER,12.2,3.9,7.4,11.0,2263,1405,269
972,smile,ANOTHER,12.0,1.1,6.2,10.4,2714,1786,367
975,"snow storm",ANOTHER,12.0,1.2,6.4,10.0,2851,1808,496
984,TRANOID,ANOTHER,12.2,4.2,10.1,13.0,1881,571,54
987,VANESSA,ANOTHER,12.4,7.0,10.0,12.7,1495,614,67
988,VANESSA,LEGGENDARIA,12.6,9.6,11.3,13.2,630,267,45
1013,"電人、暁に斃れる。",ANOTHER,12.3,5.5,8.5,12.0,1915,1007,116
1022,"Anisakis -somatic mutation type""Forza""-",ANOTHER,12.0,1.0,5.6,9.6,2880,2053,563
1028,"Be OK",ANOTHER,12.1,1.7,6.3,9.8,2799,1862,532
1045,"Do it!! Do it!!",ANOTHER,12.1,3.9,7.8,11.2,2000,1084,206
1054,"four pieces of heaven",ANOTHER,12.4,6.4,9.6,12.3,1722,745,99
1060,ICARUS,ANOTHER,12.2,4.4,8.6,11.7,1922,911,141
1061,ICARUS,LEGGENDARIA,12.7,10.8,13.6,14.1,329,28,4
1076,MENDES,ANOTHER,12.6,9.8,11.5,13.6,699,247,28
1085,oratio,ANOTHER,11.8,1.1,5.6,10.5,2727,1913,321
1088,"PARANOiA ～HADES～",ANOTHER,12.6,9.9,12.0,13.7,616,162,16
1100,"satellite020712 from ""CODED ARMS""",ANOTHER,12.3,4.1,7.1,10.2,2413,1560,439
1127,TROOPERS,ANOTHER,12.0,1.7,5.7,9.5,2537,1837,504
1142,"ミラージュ・レジデンス",ANOTHER,12.1,2.6,6.4,9.7,2555,1740,538
1151,"少年A",ANOTHER,12.4,6.7,9.6,12.6,1372,689,71
1156,3y3s,ANOTHER,12.0,1.1,6.5,9.8,2827,1710,501
1183,"Colorful Cookie",ANOTHER,12.2,3.0,6.1,9.4,2675,1929,650
1195,"Go Beyond!!",ANOTHER,11.8,1.2,11.5,13.5,2635,253,33
1264,"ミッドナイト堕天使",ANOTHER,12.0,2.1,5.0,8.5,2475,1979,752
1276,"卑弥呼",ANOTHER,12.6,10.4,12.6,14.0,502,95,7
1291,Almagest,ANOTHER,12.7,10.8,13.3,14.1,393,54,5
1297,"Bad Maniacs",ANOTHER,12.6,9.5,11.2,13.2,831,299,51
1333,DOMINION,ANOTHER,12.1,2.9,7.1,10.7,2444,1507,328
1345,eRAseRmOToRpHAntOM,ANOTHER,12.2,5.6,8.4,11.8,1708,944,135
1348,Evans,ANOTHER,12.0,1.7,5.5,8.9,2688,2076,727
1351,EXUSIA,ANOTHER,12.3,5.7,7.6,10.5,2020,1379,363
1354,G59,ANOTHER,12.3,6.0,9.1,12.0,1854,899,140
1357,GALGALIM,ANOTHER,12.1,2.1,6.3,10.5,2362,1587,325
1360,"GOLDEN CROSS",ANOTHER,12.1,2.2,6.7,9.6,2670,1705,552
1393,"quell～the seventh slave～",ANOTHER,12.7,12.3,13.2,14.1,129,56,5
1396,"Raison d'etre～交差する宿命～",ANOTHER,12.4,6.0,8.6,11.4,2009,1086,221
1399,"Red. by Full Metal Jacket",ANOTHER,11.8,1.0,3.6,8.4,2913,2372,689
1411,"SOLID STATE SQUAD",ANOTHER,12.3,6.6,8.5,11.2,1735,1081,244
1412,"SOLID STATE SQUAD",LEGGENDARIA,12.6,9.7,10.9,13.0,657,348,58
1442,"ワルツ第17番 ト短調”大犬のワルツ”",ANOTHER,12.5,8.0,10.6,13.5,1217,425,36
1475,Broken,ANOTHER,12.0,1.0,4.9,8.5,2956,2253,867
1481,"Dances with Snow Fairies",ANOTHER,12.3,5.2,8.2,11.3,2156,1178,222
1515,Kailua,ANOTHER,11.6,0.9,4.5,8.6,2802,2103,659
1536,"PARADISE LOST",ANOTHER,12.6,9.6,10.6,13.1,698,434,52
1542,"perditus†paradisus",ANOTHER,12.7,10.8,12.0,13.7,407,172,21
1551,reunion,ANOTHER,12.5,7.6,10.4,13.0,1382,515,60
1557,"SABER WING",ANOTHER,12.1,3.7,7.5,10.9,2176,1165,223
1563,"sakura storm",ANOTHER,12.1,1.5,5.9,9.7,2665,1876,508
1566,"Session 9 -Chronicles-",ANOTHER,12.0,1.4,7.1,10.5,2499,1411,313
1572,"SPECIAL SUMMER CAMPAIGN!",ANOTHER,12.0,1.7,5.7,9.2,2556,1904,619
1584,"THE BLACK KNIGHT",ANOTHER,12.1,3.8,6.8,10.6,2338,1576,321
1614,"ZETA～素数の世界と超越者～",ANOTHER,12.3,6.1,8.9,11.6,1818,919,180
1623,"黒髪乱れし修羅となりて",ANOTHER,12.1,2.0,6.9,10.2,2664,1620,418
1626,"灼熱Beach Side Bunny",ANOTHER,12.4,5.1,9.2,12.5,1769,662,66
1635,"旅人リラン",ANOTHER,12.1,2.8,7.4,11.2,2496,1415,229
1653,"BLACK.by X-Cross Fade",ANOTHER,12.2,3.1,6.9,10.9,2600,1475,246
1665,DIAVOLO,ANOTHER,12.5,8.0,10.4,12.6,1201,507,88
1674,F,ANOTHER,12.3,4.8,7.7,10.6,2227,1360,348
1680,fffff,ANOTHER,12.1,3.4,8.4,11.6,2392,1096,173
1689,HAERETICUS,ANOTHER,12.3,6.1,8.8,11.7,1818,986,174
1698,"Infinite cave",ANOTHER,12.1,1.3,5.4,9.1,2690,2038,665
1722,NNRT,ANOTHER,12.2,3.7,7.2,10.6,2323,1451,334
1731,"QUANTUM TELEPORTATION",ANOTHER,12.7,10.8,12.0,13.6,400,163,27
1734,"quaver♪",ANOTHER,12.4,6.1,9.0,11.8,1765,919,155
1761,"Snake Stick",ANOTHER,12.2,2.2,7.0,11.0,2500,1334,204
1770,"The Limbo",ANOTHER,12.5,7.7,9.5,11.8,1346,785,161
1773,"The Sampling Paradise",ANOTHER,12.4,6.1,7.6,10.6,1874,1387,359
1782,Todestrieb,ANOTHER,12.4,7.2,9.4,11.8,1560,850,170
1788,"WONDER WALKER",ANOTHER,12.2,4.2,7.1,10.0,2350,1546,486
1791,YAKSHA,ANOTHER,12.4,6.4,8.9,11.4,1713,957,206
1794,"yellow head joe",ANOTHER,12.0,1.3,5.2,8.8,2690,2097,735
1806,"君のハートにロックオン",ANOTHER,12.5,8.3,10.5,12.9,1130,477,66
1809,"子供の落書き帳",ANOTHER,12.0,1.1,6.1,9.8,2690,1779,492
1818,"聖人の塔",ANOTHER,12.4,7.8,10.0,12.3,1172,572,97
1821,"天空の夜明け",ANOTHER,12.6,10.2,11.5,13.3,564,250,47
1830,"恋する☆宇宙戦争っ！！",ANOTHER,12.0,1.3,5.3,8.8,2764,2102,749
1833,"†渚の小悪魔ラヴリィ～レイディオ†(IIDX EDIT)",ANOTHER,12.7,11.3,13.3,14.1,292,50,5
1857,Confiserie,ANOTHER,12.6,9.8,11.2,13.2,689,305,49
1866,"DAY DREAM",ANOTHER,12.2,5.7,9.6,12.3,1458,616,96
1869,"Devilz Staircase",ANOTHER,12.3,4.6,8.3,11.7,2059,1104,149
1875,"Elemental Creation",ANOTHER,12.6,10.4,11.3,13.5,465,268,37
1881,FLOWER,ANOTHER,12.1,1.8,6.3,9.7,2722,1835,555
1887,GAIA,ANOTHER,12.3,5.8,9.0,11.7,1949,926,170
1893,"Hollywood Galaxy",ANOTHER,12.2,3.6,7.8,10.9,2374,1266,295
1911,JOMANDA,ANOTHER,12.2,4.4,10.3,12.5,1953,483,80
1914,Liberation,ANOTHER,11.8,1.0,3.5,7.7,2839,2433,1031
1920,"Little Star",ANOTHER,12.0,1.1,5.5,9.6,2807,2019,527
1932,neu,ANOTHER,12.4,7.6,9.9,12.5,1331,654,92
1941,"Plan 8",ANOTHER,12.3,4.7,9.1,12.1,2079,811,96
1953,"Proof of the existence",ANOTHER,12.4,5.7,8.0,10.9,1994,1275,309
1962,"rumrum triplets",ANOTHER,11.8,1.1,5.8,9.5,2729,1903,557
1977,"Sol Cosine Job 2",ANOTHER,12.3,5.6,8.4,11.2,1808,1047,223
1983,STULTI,ANOTHER,12.5,8.5,10.6,13.3,942,416,43
1986,SYNC-ANTHEM,ANOTHER,12.2,4.7,7.3,10.0,2184,1440,461
1995,"Thor's Hammer",ANOTHER,12.5,8.0,11.0,13.2,1177,334,49
2001,"Timepiece phase II",ANOTHER,12.4,7.8,10.2,12.5,1197,558,84
2004,"Timepiece phase II (CN Ver.)",ANOTHER,12.4,6.7,9.0,11.6,1521,912,175
2010,"True Blue",ANOTHER,12.1,1.6,6.1,9.2,2697,1862,681
2013,Valanga,ANOTHER,12.4,7.0,9.4,12.0,1580,827,135
2028,Zirkfied,ANOTHER,12.4,7.0,9.6,12.2,1489,748,114
2031,"ΕΛΠΙΣ",ANOTHER,12.1,2.0,6.5,9.8,2661,1713,517
2034,"アストライアの双皿",ANOTHER,12.3,5.3,8.6,12.1,1895,949,104
2040,"カジノファイヤーことみちゃん",ANOTHER,12.1,2.7,10.8,13.5,2282,371,32
2043,"キャトられ恋はモ～モク",ANOTHER,12.4,7.5,10.7,13.2,1339,432,46
2046,"シュレーディンガーの猫",ANOTHER,12.3,5.9,10.0,12.5,1825,601,92
2049,"たまゆら",ANOTHER,12.3,5.3,7.5,10.3,2037,1400,410
2052,"トリカゴノ鳳凰",ANOTHER,12.0,1.1,4.7,8.6,2704,2132,744
2061,"音楽",ANOTHER,12.2,4.4,8.9,12.2,1808,806,105
2068,"仮想空間の旅人たち",LEGGENDARIA,12.3,5.6,7.8,10.3,1706,1165,368
2071,"狂イ咲ケ焔ノ華",ANOTHER,12.1,2.4,7.7,11.1,2413,1297,228
2077,"即席！脳直★ミュージックシステム",ANOTHER,12.0,1.6,5.8,9.5,2510,1812,538
2090,Adularia,ANOTHER,12.2,3.9,7.7,10.9,2287,1304,271
2096,"Ancient Scapes",ANOTHER,12.3,5.0,8.4,11.3,2066,1091,223
2097,"Ancient Scapes",LEGGENDARIA,12.5,8.7,10.8,13.1,945,390,55
2109,BRAINSTORM,ANOTHER,11.8,1.0,5.8,10.3,2691,1796,326
2121,"Close the World feat.a☆ru",ANOTHER,12.1,1.2,6.5,10.0,2794,1721,468
2122,"Close the World feat.a☆ru",LEGGENDARIA,12.4,6.2,9.4,12.0,1660,788,138
2131,"DARK LEGACY",ANOTHER,12.3,5.5,8.8,11.6,1953,958,175
2140,"Elektrick U-Phoria",ANOTHER,12.0,2.1,6.7,10.0,2495,1590,443
2156,"Feel The Beat",LEGGENDARIA,12.2,3.6,7.6,10.6,2098,1227,304
2168,"I will be back -オレは帰ってきた-",ANOTHER,12.2,3.9,7.6,10.5,2106,1255,317
2171,Idola,ANOTHER,12.4,6.4,9.1,11.6,1707,908,190
2180,INSOMNIA,ANOTHER,12.2,3.5,10.2,12.6,2248,509,77
2186,invoker,ANOTHER,12.3,5.4,7.6,11.0,1912,1268,240
2187,invoker,LEGGENDARIA,12.4,7.0,9.5,12.4,1259,707,86
2190,IX,ANOTHER,12.6,9.9,11.4,13.4,628,268,41
2202,"Last Dance",ANOTHER,12.3,5.2,8.0,10.6,2082,1221,346
2235,PUNISHER,ANOTHER,12.2,3.6,7.2,10.3,2363,1468,398
2238,"ra'am",ANOTHER,12.5,8.2,10.5,13.1,1000,449,50
2241,"rainbow guitar weeps",ANOTHER,12.1,2.6,7.1,10.2,2501,1506,418
2253,"RIZING YOU UP",ANOTHER,12.2,4.3,8.4,11.6,2157,1009,164
2259,Sigmund,ANOTHER,12.6,9.7,11.8,13.8,701,206,16
2260,Sigmund,LEGGENDARIA,12.7,11.4,12.6,14.1,251,95,5
2272,"Unicorn tail",ANOTHER,12.1,2.2,6.5,9.9,2513,1649,488
2278,Verflucht,ANOTHER,12.4,7.6,10.4,12.7,1396,496,81
2279,Verflucht,LEGGENDARIA,12.6,9.4,11.2,13.2,780,301,46
2282,"VOX UP",ANOTHER,12.5,7.0,10.5,13.6,1373,459,30
2297,"バンブーソード・ガール",ANOTHER,12.3,4.3,7.9,11.1,2086,1200,235
2300,"海神",ANOTHER,12.3,4.9,7.4,10.3,2129,1402,390
2309,"轟け！恋のビーンボール！！",ANOTHER,12.2,3.5,8.3,11.5,2309,1096,190
2315,"疾風迅雷",ANOTHER,12.4,6.4,9.1,12.3,1552,843,100
2316,"疾風迅雷",LEGGENDARIA,12.6,9.9,11.7,13.7,587,205,22
2319,"旋律のドグマ～Miserables～",ANOTHER,12.4,6.6,9.3,11.7,1648,859,167
2331,"煉獄のエルフェリア",ANOTHER,12.5,8.3,11.0,13.2,1136,344,48
2344,"Beat Radiance",LEGGENDARIA,12.3,5.5,8.1,10.8,1779,1072,278
2356,"Broken Sword",ANOTHER,12.3,5.0,7.4,10.1,2107,1392,444
2367,"CHRONO DIVER -NORNIR-",LEGGENDARIA,12.7,10.9,12.1,13.9,352,150,11
2370,"Chrono Diver -PENDULUMs-",ANOTHER,12.7,10.6,12.5,14.0,453,110,7
2376,cinder,ANOTHER,12.2,3.8,7.5,10.5,2155,1292,336
2383,"Cosmic Cat",LEGGENDARIA,12.4,7.6,9.7,12.3,1108,624,98
2386,"Despair of ELFERIA",ANOTHER,12.3,5.4,8.3,11.3,2007,1131,222
2389,"EBONY & IVORY",ANOTHER,12.4,7.4,9.9,12.0,1384,614,128
2390,"EBONY & IVORY",LEGGENDARIA,12.6,9.4,11.5,13.6,653,215,28
2393,entelecheia,ANOTHER,12.4,7.0,9.0,11.4,1529,901,214
2399,"fallen leaves -IIDX edition-",ANOTHER,12.4,7.4,9.5,11.9,1391,784,150
2402,"FANTASTIC THREE",ANOTHER,12.4,7.1,9.7,12.5,1431,705,81
2405,Flashes,ANOTHER,12.5,8.2,10.1,11.9,1174,599,151
2408,Gravigazer,ANOTHER,12.1,1.7,6.1,9.2,2502,1711,621
2453,"Night sky",ANOTHER,12.3,6.3,8.4,11.2,1792,1107,246
2468,"Rave*it!! Rave*it!!",ANOTHER,12.1,2.3,6.1,9.5,2447,1656,500
2474,Reflux,ANOTHER,12.5,7.4,10.2,13.2,1281,531,47
2483,"Say YEEEAHH",ANOTHER,12.4,7.5,9.9,12.4,1324,625,98
2492,"Shooting Fireball",ANOTHER,12.2,3.6,6.9,10.1,2388,1548,438
2498,"Sounds Of Summer",ANOTHER,12.2,5.2,7.0,10.1,1970,1476,420
2501,"SpaceLand☆TOYBOX",ANOTHER,12.2,4.3,7.3,10.1,2213,1434,428
2516,"The Least 100sec",ANOTHER,12.0,1.0,5.6,9.5,2555,1843,520
2519,TIEFSEE,ANOTHER,12.3,4.6,7.5,10.2,2220,1379,417
2522,"TOXIC VIBRATION",ANOTHER,12.4,6.1,9.2,11.9,1796,855,149
2528,"We're so Happy (P*Light Remix) IIDX ver.",ANOTHER,12.0,1.1,5.6,9.7,2631,1864,479
2531,"Ｘ↑Ｘ↓",ANOTHER,12.1,2.1,6.7,10.3,2387,1553,374
2534,ZZ,ANOTHER,12.0,1.2,5.9,8.9,2815,1939,712
2537,"それは花火のような恋",ANOTHER,12.3,4.3,7.5,10.4,2156,1333,359
2564,"リリーゼと炎龍レーヴァテイン",ANOTHER,12.3,4.4,7.9,10.8,2210,1254,298
2567,"夏色DIARY - L.E.D.-G STYLE MIX -",ANOTHER,11.8,0.9,4.6,9.0,2542,1953,599
2570,"鬼天",ANOTHER,12.2,3.8,7.9,10.8,2140,1182,275
2573,"共鳴遊戯の華",ANOTHER,12.6,10.2,11.8,13.6,549,194,31
2588,"少年は空を辿る",ANOTHER,12.5,7.6,10.2,13.0,1323,546,63
2591,"千年ノ理",ANOTHER,12.3,5.1,8.1,10.8,2066,1170,286
2600,"超青少年ノ為ノ超多幸ナ超古典的超舞曲",ANOTHER,12.3,4.5,6.8,9.5,2339,1641,585
2601,"超青少年ノ為ノ超多幸ナ超古典的超舞曲",LEGGENDARIA,12.7,10.7,12.3,13.8,406,126,16
2607,"表裏一体！？怪盗いいんちょの悩み",ANOTHER,12.4,7.0,9.8,12.5,1495,652,90
2617,"199024club -Re:BounceKiller-",ANOTHER,12.0,1.1,4.2,9.6,2537,1893,373
2626,AO-1,ANOTHER,12.3,4.8,7.2,10.1,1994,1388,406
2635,"Battle Train -IIDX Edition-",ANOTHER,12.0,1.3,6.1,10.1,2450,1676,398
2638,"Blue Spring Express",ANOTHER,12.3,4.1,7.6,11.0,2102,1276,264
2644,"chaos eater -IIDX edition-",ANOTHER,12.1,2.3,6.9,10.1,2304,1410,403
2647,"CODE:1 [revision1.0.1]",ANOTHER,12.6,10.0,11.5,13.2,599,240,52
2660,"Devil's Gear",ANOTHER,12.2,4.0,7.4,10.5,2203,1356,366
2663,"DIAMOND CROSSING",ANOTHER,12.5,7.6,10.7,12.9,1228,400,58
2675,Dynamite,ANOTHER,12.4,7.1,9.6,12.2,1587,764,115
2695,GOBBLE,HYPER,12.6,8.5,11.7,13.9,955,208,10
2699,Godspeed,ANOTHER,12.3,5.8,9.1,11.8,1890,871,165
2702,"Grand Chariot",ANOTHER,12.5,7.7,10.3,12.8,1232,510,69
2705,"Highcharge Divolt",ANOTHER,12.0,1.3,5.9,9.6,2511,1710,512
2723,"M4K3 1T B0UNC3",ANOTHER,12.4,6.4,8.4,11.4,1533,1017,201
2732,"Nightmare before oversleep",ANOTHER,12.2,4.7,7.2,10.1,2047,1400,427
2735,"NINJA IS DEAD IIDX ver.",ANOTHER,11.8,1.2,5.1,9.1,2375,1773,555
2744,NZM,ANOTHER,12.5,7.7,10.0,12.3,1143,588,101
2756,POSSESSION,ANOTHER,12.4,7.7,9.9,12.0,1236,588,128
2762,refrain,ANOTHER,12.4,6.4,8.5,11.2,1677,1056,238
2792,StrayedCatz,ANOTHER,12.4,4.6,8.5,11.9,1957,986,145
2810,"Triple Counter",ANOTHER,12.4,7.2,9.8,12.4,1380,659,95
2828,X,ANOTHER,12.5,8.4,10.7,12.8,1041,403,70
2849,"めいさいアイドル☆あいむちゃん♪",ANOTHER,12.4,7.2,9.0,11.4,1413,887,203
2852,"駅猫のワルツ",ANOTHER,12.5,8.6,10.5,13.5,903,431,33
2855,"紫陽花 -AZISAI-",ANOTHER,11.8,0.9,4.4,8.8,2704,2144,692
2858,"灼熱 Pt.2 Long Train Running",ANOTHER,12.5,7.4,10.4,12.9,1095,403,44
2864,"真 地獄超特急 -HELL or HELL-",ANOTHER,12.4,5.3,8.3,11.7,1776,984,142
2900,"〆",ANOTHER,12.2,3.6,7.2,10.4,2312,1431,368
2918,"BabeL ～Grand Story～",ANOTHER,12.1,1.5,6.6,9.9,2456,1569,462
2942,Caterpillar,ANOTHER,12.3,5.5,8.0,11.5,1729,1058,173
2951,"DORNWALD ～Junge～",ANOTHER,12.3,5.8,8.6,11.4,1713,950,192
2954,ECHIDNA,ANOTHER,12.5,8.5,10.4,12.5,964,472,92
2963,"FUZIN RIZIN",ANOTHER,12.1,1.6,6.4,10.1,2270,1517,377
2966,"Go Ahead!!",ANOTHER,12.4,7.1,11.9,13.7,1172,170,20
2969,GuNGNiR,ANOTHER,12.5,7.9,10.6,12.9,1130,421,64
2972,HADES,ANOTHER,12.0,1.0,4.5,9.3,2732,2127,577
2990,"Mare Nectaris",ANOTHER,12.7,10.7,13.0,14.0,346,67,6
3005,"OTENAMI Hurricane",ANOTHER,12.4,6.8,9.8,12.5,1404,641,86
3014,Quakes,ANOTHER,12.3,5.9,9.0,12.1,1541,828,113
3017,RAIN,ANOTHER,12.3,5.1,7.8,11.1,1865,1165,239
3020,"Rave Cannon",ANOTHER,12.0,1.3,5.0,9.2,2463,1868,553
3053,"SEQUENCE CAT",ANOTHER,12.6,9.6,11.2,13.0,728,293,59
3065,"Sky High",ANOTHER,12.4,7.3,9.4,11.6,1357,790,174
3068,"Snakey Kung-fu",ANOTHER,12.3,5.6,8.0,10.9,1766,1106,271
3077,"Summerlights(IIDX Edition)",ANOTHER,12.1,3.8,8.1,11.4,1963,1060,191
3080,"Super Rush",ANOTHER,12.2,3.3,6.3,9.8,2360,1625,495
3092,TOGAKUSHI,ANOTHER,12.0,1.4,5.7,9.9,2514,1718,442
3110,"イザナミノナゲキ",ANOTHER,12.4,7.8,10.3,12.7,1146,504,74
3122,"焔極OVERKILL",ANOTHER,12.5,7.8,9.9,12.7,1154,632,73
3125,"火影",ANOTHER,12.0,1.2,5.7,10.7,2497,1698,257
3131,"九尾狐夜行",ANOTHER,11.8,1.1,3.8,8.1,2678,2220,867
3143,"刃図羅",ANOTHER,12.2,4.1,6.6,9.7,2049,1481,482
3146,"津軽雪",ANOTHER,12.4,7.6,9.8,12.1,1269,668,126
3157,"廿",LEGGENDARIA,12.4,6.4,8.2,11.2,1223,870,184
3158,"凛として咲く花の如く",LEGGENDARIA,12.0,1.7,6.3,9.5,2277,1556,533
3159,"STARLIGHT DANCEHALL",LEGGENDARIA,12.4,7.7,9.4,11.6,1075,705,157
3162,"THE DEEP STRIKER",LEGGENDARIA,12.4,7.7,10.3,12.5,980,450,78
3165,Apocalypse,ANOTHER,12.4,6.2,8.6,11.4,1540,938,195
3174,"童話回廊",ANOTHER,12.0,1.4,5.5,8.6,2291,1715,677
3180,"State Of The Art",ANOTHER,12.3,5.1,7.5,10.2,1846,1250,389
3195,"AA -rebuild-",ANOTHER,12.3,5.9,8.3,11.1,1679,1055,253
3213,Arca,ANOTHER,12.1,3.8,6.5,9.8,1987,1434,425
3240,DEADHEAT,ANOTHER,12.3,4.8,8.5,11.8,1790,938,141
3303,"The Chase",ANOTHER,12.2,2.7,6.3,11.3,1952,1139,155
3312,Xperanza,ANOTHER,12.2,4.1,7.5,11.1,2083,1249,215
3333,"神謳 -RESONANCE-",ANOTHER,12.3,4.9,8.2,11.2,1960,1081,233
3342,"Amazing Mirage",LEGGENDARIA,12.3,5.4,7.6,10.3,1675,1133,349
3343,"龍と少女とデコヒーレンス",LEGGENDARIA,12.3,4.8,7.7,10.4,1739,1118,331
3349,"DEATH†ZIGOQ ～怒りの高速爆走野郎～",ANOTHER,12.4,6.8,9.0,11.6,1351,801,166
3361,"Usual Days-remix",ANOTHER,12.4,6.4,9.6,12.8,1423,651,57
3362,"RED ZONE",LEGGENDARIA,11.8,1.2,5.5,9.3,2230,1653,532
3365,"Boomy and The Boost",ANOTHER,12.4,7.2,8.5,11.1,1333,979,245
3368,encounter,ANOTHER,12.0,2.0,6.0,9.5,2173,1568,493
3380,"東京神話",ANOTHER,12.4,7.3,9.7,12.2,1205,634,110
3381,CONTRACT,LEGGENDARIA,12.6,9.0,10.6,12.6,728,388,73
3384,"NITROUS CANNON",ANOTHER,12.3,6.4,8.9,11.6,1463,843,165
3390,"DUE TOMORROW",ANOTHER,12.5,8.4,10.9,13.5,839,316,37
3393,Persephone,ANOTHER,12.0,1.7,5.3,8.9,2265,1745,619
3399,"Raspberry Railgun",ANOTHER,12.0,2.8,6.2,9.4,2128,1533,533
3402,"Papilio ulysses",ANOTHER,12.1,1.3,6.0,9.8,2238,1523,409
3408,"HYPE THE CORE",ANOTHER,12.6,9.0,11.1,13.7,773,293,16
3414,Rampage,ANOTHER,12.3,5.9,7.7,10.5,1594,1134,308
3423,"シムルグの目醒め",ANOTHER,12.4,7.0,9.4,12.1,1303,714,114
3424,"Blue Rain",LEGGENDARIA,12.5,8.0,9.9,11.8,1015,568,141
3425,"Kung-fu Empire",LEGGENDARIA,12.2,4.2,7.5,10.5,1791,1139,302
3426,"spiral galaxy",LEGGENDARIA,12.5,8.4,9.8,11.9,879,591,136
3433,"Y&Co. is dead or alive",ANOTHER,12.4,7.9,11.2,13.5,803,216,27
3439,"Invitation from Mr.C",ANOTHER,12.1,1.6,6.1,9.7,2152,1481,446
3442,DropZ-Line-,ANOTHER,12.4,7.1,10.1,12.4,965,436,79
3463,"Eine Haube ～聖地の果てにあるもの～",ANOTHER,12.0,1.3,6.6,10.2,2236,1398,364
3472,Initiation,ANOTHER,12.6,9.2,10.4,12.4,722,455,88
3475,"Life Is A Game ft.DD""ナカタ""Metal",ANOTHER,12.4,6.8,8.3,11.3,1246,938,193
3484,255,ANOTHER,12.2,4.1,7.6,11.0,1676,1048,223
3487,"Illusionary Waterlily",ANOTHER,12.3,6.5,8.4,11.0,1395,965,247
3490,Slipstream,ANOTHER,12.3,4.7,7.4,10.5,1748,1166,297
3493,Antigravity,ANOTHER,12.0,1.1,5.7,10.0,2218,1547,381
3496,EMERALDAS,ANOTHER,12.6,10.0,11.8,13.6,557,181,29
3500,"Little Little Princess",LEGGENDARIA,12.5,7.7,9.6,11.9,1015,645,121
3501,"QUANTUM TELEPORTATION",LEGGENDARIA,12.5,8.1,10.1,12.1,972,497,106
3511,"waxing and wanding",LEGGENDARIA,12.5,8.7,10.1,12.2,810,491,93
3512,Ubertreffen,LEGGENDARIA,12.4,5.9,8.9,11.4,1409,787,178
3515,ANCHOR,ANOTHER,12.3,6.0,8.4,11.2,1499,930,220
3518,"op.31 叙情",ANOTHER,11.6,1.5,7.2,10.2,1658,930,286
3533,dAuntl3ss,ANOTHER,12.4,6.6,8.5,11.0,1399,927,238
3539,"Dr. Chemical & Killing Machine",ANOTHER,12.5,7.9,9.2,11.2,1107,794,233
3563,L.F.O,ANOTHER,12.2,4.7,7.6,10.7,1773,1144,277
3569,"Level One",ANOTHER,12.4,6.5,9.5,12.4,1394,652,76
3599,"THE DAY OF JUBILATIONS",ANOTHER,12.3,5.9,8.8,11.6,1564,858,164
3602,"The Rebellion of Sequencer",ANOTHER,12.5,7.8,9.8,12.2,1030,598,99
3623,Xlo,ANOTHER,12.4,6.5,9.0,11.9,1493,858,132
3653,"GIGA THRASH",ANOTHER,12.2,4.5,7.0,10.1,1829,1269,385
3657,"KAISER PHOENIX",LEGGENDARIA,12.7,11.1,12.9,14.0,275,74,7
3658,"RUGGED ASH",LEGGENDARIA,12.2,4.6,8.5,11.0,1569,851,222
3664,"Catch Our Fire!",ANOTHER,12.3,5.4,8.7,11.5,1499,816,168
3667,"KILL EACH OTHER",ANOTHER,12.3,5.1,8.1,11.1,1698,1019,224
3670,"金野火織の金色提言",ANOTHER,12.3,5.5,8.2,11.2,1537,897,190
3673,"Drastic Dramatic",ANOTHER,12.1,2.1,6.1,9.5,2153,1529,509
3676,"LOST TECHNOLOGIE",ANOTHER,12.4,7.0,9.5,12.0,1249,677,116
3691,"Red. by Jack Trance",ANOTHER,12.3,3.5,8.2,11.8,1772,778,111
3700,"Painful Fate",ANOTHER,12.4,7.7,9.8,12.2,1080,599,101
3712,"New Castle Legions",ANOTHER,12.1,4.2,7.4,10.4,1349,859,253
3713,"GRID KNIGHT",LEGGENDARIA,12.2,5.7,9.2,12.0,1257,637,106
3716,"Carry Me Away",ANOTHER,12.0,1.1,5.4,9.2,2067,1509,481
3719,X-DEN,ANOTHER,12.6,9.5,13.4,14.2,638,45,4
3725,"抱きしめてモナムール",ANOTHER,12.3,4.9,8.1,11.0,1659,961,224
3731,EVANESCENT,ANOTHER,12.2,5.6,7.5,10.3,1451,1036,319
3734,"Macho Monky",ANOTHER,12.1,3.3,6.4,9.8,1860,1333,400
3737,"Necroxis Girl",ANOTHER,12.5,8.2,8.9,11.7,908,767,140
3743,Unbelief,ANOTHER,12.4,7.5,9.7,12.3,1011,569,93
3746,Carmina,ANOTHER,12.6,9.1,11.2,13.5,710,275,36
3767,ONIGOROSHI,ANOTHER,12.1,2.6,6.6,10.0,1696,1122,324
3773,"HARD BRAIN",ANOTHER,12.3,5.8,7.2,9.7,1612,1261,452
3794,"ruin of opals",ANOTHER,12.3,6.4,8.0,10.9,1172,879,218
3797,Visterhv,ANOTHER,12.3,5.4,7.8,10.7,1594,1050,267
3808,Welcome,LEGGENDARIA,12.5,7.9,10.2,12.3,890,448,87
3812,"B4U(BEMANI FOR YOU MIX)",LEGGENDARIA,12.3,5.9,8.5,11.1,1345,825,205
3813,"Wanna Party?",LEGGENDARIA,12.2,4.6,7.5,10.2,1777,1120,375
3814,"AIR RAID FROM THA UNDAGROUND",LEGGENDARIA,12.4,5.6,8.2,11.3,1152,770,154
3820,GENE,ANOTHER,12.1,2.7,7.2,10.0,2015,1182,380
3823,"Night! Night! Night!",ANOTHER,12.1,2.1,6.6,9.9,2050,1311,394
3832,"お菓子の王国",ANOTHER,12.4,7.3,10.8,13.4,1160,347,40
3835,"泰東ノ翠霞",ANOTHER,12.1,4.1,7.5,11.2,1552,905,161
3839,"Twelfth Style",LEGGENDARIA,12.4,6.8,9.5,11.7,1138,611,131
3842,"GO OVER WITH GLARE -ROOTAGE 26-",ANOTHER,12.3,5.8,8.1,10.7,1286,842,243
3845,"Lethal Weapon",ANOTHER,12.3,5.6,9.0,11.6,1398,682,142
3848,"Afterimage d'automne",ANOTHER,11.8,1.0,3.9,8.4,2129,1775,618
3860,"Trill auf G",ANOTHER,12.2,4.1,8.4,11.4,1718,859,165
3863,voltississimo,ANOTHER,12.3,5.0,9.0,11.5,1383,643,135
3872,"最小三倍完全数",ANOTHER,12.4,6.1,8.9,12.0,1223,710,103
3935,"Primitive Vibes",ANOTHER,11.8,1.0,3.8,8.3,2304,1911,680
3953,"T-REX vs Velociraptor (In the Far east euphoria)",ANOTHER,12.1,1.5,6.4,10.0,2002,1330,370
3956,"TECHNO Style Essentials",ANOTHER,12.3,4.2,7.6,10.6,1738,1074,278
3959,"THE BRAVE MUST DIE",ANOTHER,12.4,7.3,10.3,12.6,1057,434,70
3962,TRIUMPH,ANOTHER,12.2,3.1,6.1,9.8,1928,1378,392
3992,"深淵に捧ぐレクイエム",ANOTHER,12.0,1.1,5.7,9.4,2169,1521,469
4000,"one or eight",LEGGENDARIA,12.2,3.9,8.1,11.3,1573,894,174
4001,"千年ノ理",LEGGENDARIA,12.6,9.7,11.6,13.6,554,197,25
4013,"LIGHTNING STRIKES",ANOTHER,12.3,5.2,7.9,10.7,1576,972,266
4025,"AKASHIC BREAK",ANOTHER,12.1,1.8,7.3,10.7,1799,1047,245
4034,"華麗なる大犬円舞曲",ANOTHER,12.3,5.5,8.3,11.1,1536,905,201
4040,"Inferno of Fomalhaut",ANOTHER,12.5,8.3,10.1,12.7,778,453,62
4046,"SCREW // owo // SCREW",ANOTHER,12.3,3.4,7.2,11.3,1615,971,146
4055,"Rave Patroller",ANOTHER,12.0,2.0,5.7,9.1,1912,1437,500
4058,"THE F∀UST",ANOTHER,12.5,8.1,10.3,12.5,922,444,79
4070,"Lords Of The Roundtable",ANOTHER,12.3,4.0,7.8,11.7,1412,791,101
4073,"Matt Silver",ANOTHER,12.3,6.3,7.9,10.3,1312,988,320
4077,POODLE,LEGGENDARIA,12.1,2.2,6.3,9.8,1701,1195,376
4078,"TITANS RETURN",LEGGENDARIA,12.5,7.5,11.1,13.4,714,217,28
4081,"がっつり陰キャ!? 怪盗いいんちょの億劫^^;",ANOTHER,12.4,7.3,9.3,11.7,1098,667,137
4087,"LASER CRUSTER (IGNITE REMIX)",ANOTHER,12.3,5.1,8.4,11.3,1472,820,178
4105,"BEAT PRISONER",ANOTHER,12.4,6.0,8.5,11.5,1333,798,151
4108,"Double Dribble",ANOTHER,12.2,3.7,6.6,9.6,1663,1186,407
4111,"Level 2",ANOTHER,12.4,6.3,9.1,11.9,1179,656,109
4123,"Vinculum stellarum",ANOTHER,12.3,5.6,8.3,11.1,1347,794,192
4131,ZEPHYRANTHES,LEGGENDARIA,12.4,6.3,8.9,11.6,1025,635,129
4134,"Everlasting Message",ANOTHER,12.5,7.4,10.3,13.1,895,365,42
4137,Artist,ANOTHER,12.4,7.4,10.0,12.7,998,463,63
4140,Friction[!]Function,ANOTHER,12.2,3.2,7.0,10.5,1714,1109,265
4152,"ピアノ協奏曲第1番”蠍火” (BlackY Remix)",ANOTHER,12.6,8.7,10.0,12.9,694,461,58
4162,TRANOID,LEGGENDARIA,12.6,10.3,11.7,13.6,313,141,22
4168,"魅惑のYUMMYスイーツ",ANOTHER,12.5,7.6,10.5,13.2,878,357,39
4172,Secrets,LEGGENDARIA,12.4,6.9,9.5,11.7,1006,563,124
4178,ORCA,ANOTHER,12.4,7.2,9.8,12.4,1008,512,80
4187,"Dans la nuit de l'eternite",ANOTHER,12.3,4.5,8.3,11.5,1473,803,142
4193,EROICA,ANOTHER,12.7,11.1,13.1,14.1,237,56,5
4199,"Smashing Wedge",ANOTHER,12.5,8.0,10.0,12.3,800,431,80
4205,"Megalara Garuda",ANOTHER,12.2,3.3,7.5,10.6,1501,886,233
4213,GuNGNiR,LEGGENDARIA,12.7,11.1,13.0,14.1,242,63,5
4225,"BIGソムタム",ANOTHER,12.1,3.1,6.2,9.6,1848,1303,394
4237,"Empire of Fury",ANOTHER,12.3,5.6,8.5,11.5,1309,753,144
4312,Vitrum,ANOTHER,12.1,1.4,5.9,9.4,1870,1314,422
4321,"∀",ANOTHER,12.5,8.2,10.4,12.6,855,398,61
4330,"水鏡の異界",ANOTHER,12.3,4.7,8.1,11.1,1451,860,173
4345,"魔法のかくれんぼ",ANOTHER,12.3,6.2,9.2,12.1,1057,566,88
4346,"Arabian Rave Night",LEGGENDARIA,12.2,4.5,7.8,10.6,1352,862,241
4351,"お米の美味しい炊き方、そしてお米を食べることによるその効果。",LEGGENDARIA,12.5,7.1,9.9,12.7,812,429,57
4366,"THE PEERLESS UNDER HEAVEN",ANOTHER,12.4,7.2,9.6,12.3,1018,556,75
4375,Viridian,ANOTHER,12.4,6.7,8.7,11.0,1109,728,198
4381,"閠槞彁の願い",ANOTHER,12.5,7.7,10.0,12.3,819,431,73
4402,"ASIAN VIRTUAL REALITIES (MELTING TOGETHER IN DAZZLING DARKNESS)",ANOTHER,12.3,4.4,7.8,10.8,1545,908,223
4408,MEGAERA,ANOTHER,12.5,7.9,10.3,12.7,790,361,56
4411,"Rubrum Piano",ANOTHER,12.0,1.2,4.9,8.2,1757,1395,562
4414,"SOLID STATE SQUAD -RISEN RELIC REMIX-",ANOTHER,12.3,5.9,8.5,11.5,1165,734,142
4423,"Dawn Saga",ANOTHER,12.1,1.7,6.0,9.1,1817,1305,483
4426,"-65℃",ANOTHER,12.5,8.2,10.2,12.7,728,384,56
4432,"Tiempo Loco",ANOTHER,12.3,6.0,8.4,10.9,1210,768,207
4435,"innocent revolver",ANOTHER,12.3,5.7,8.0,10.9,1178,786,198
4450,"バッド・スイーツ、バッド・ドリーム",ANOTHER,12.0,1.1,5.2,9.7,1824,1274,310
4457,"thunder HOUSE NATION Remix",LEGGENDARIA,12.4,7.6,9.2,11.3,790,562,152
4458,"Be quiet",LEGGENDARIA,12.5,9.5,10.6,12.9,476,307,46
4460,Ganymede,LEGGENDARIA,12.2,3.8,7.8,11.0,1109,692,159
4463,"BLACK or WHITE?",ANOTHER,12.4,7.2,9.0,11.3,883,583,151
4466,"ディスコルディア",ANOTHER,12.6,8.9,11.0,13.2,562,236,35
4481,Parvati,ANOTHER,11.8,1.0,4.0,8.1,1686,1390,541
4484,"二人ノ廃城幽踊宴",ANOTHER,12.5,8.4,11.1,13.7,604,221,18
4487,"伐折羅-vajra-",ANOTHER,12.4,7.8,9.5,11.7,852,560,124
4503,"STEEL NEEDLE",LEGGENDARIA,12.7,10.7,13.5,14.1,258,33,5
4506,"Ignis†Irae",ANOTHER,12.4,7.5,10.0,12.7,827,403,56
4509,"Sinus Iridum",ANOTHER,12.6,10.2,12.7,14.0,360,66,7
4520,"ΕΛΠΙΣ",LEGGENDARIA,12.4,7.6,9.8,12.0,775,445,95
4523,"COSMIC RAY",ANOTHER,12.4,6.4,9.7,12.5,906,429,58
4532,"Level 3",ANOTHER,12.4,7.3,8.8,11.3,896,638,146
4535,"LOCUS OF THE TRAVEL",ANOTHER,12.4,6.8,9.6,12.2,910,467,75
4544,"DUAL STRIKER",ANOTHER,12.4,7.0,9.3,11.7,878,513,116
4556,"スーパー戦湯ババンバーン",ANOTHER,12.1,4.5,7.1,10.0,1107,787,254
4561,"Anisakis -somatic mutation type""Forza""-",LEGGENDARIA,12.6,9.3,11.8,13.8,501,145,13
4562,Ypsilon,LEGGENDARIA,12.2,5.6,7.7,10.2,995,700,255
4563,SAMURAI-Scramble,LEGGENDARIA,12.5,6.7,10.1,13.5,690,265,21
4564,"the trigger of innocence",LEGGENDARIA,12.3,3.9,7.5,10.3,1263,826,264
4570,"Angel's Ladder",ANOTHER,12.3,4.8,8.1,11.4,1429,826,150
4582,"Don't believe the hype",ANOTHER,12.3,5.7,8.3,11.5,1155,682,125
4591,Fegrix,ANOTHER,12.3,5.2,7.5,10.5,1364,940,257
4597,GiGaGaHell,ANOTHER,12.2,3.9,8.0,11.5,1241,695,105
4609,"LIVE DRIVING!! feat. 花たん",ANOTHER,12.3,5.7,8.0,11.0,1242,807,195
4633,"Purple Perplex",ANOTHER,12.3,4.9,8.6,11.8,1193,660,99
4636,"Skreaming for Salvation",ANOTHER,12.1,4.5,7.8,10.9,1251,766,178
4645,"Triple Cross",ANOTHER,12.3,6.1,8.3,10.9,1157,758,205
4692,BroGamer,LEGGENDARIA,12.7,11.3,12.1,13.9,186,108,8
4693,"Candy Galy",LEGGENDARIA,12.4,7.1,9.5,11.9,828,487,95
4707,"One for All",ANOTHER,12.1,4.1,7.3,10.6,1222,781,203
4710,TOMAHAWK,ANOTHER,12.3,5.2,8.2,11.9,1028,625,76
4722,Aftermath,ANOTHER,12.3,6.2,8.2,10.8,1063,700,198
4734,ALTERNATOR,ANOTHER,12.3,6.3,8.0,10.8,1057,738,204
4746,"禊",ANOTHER,12.1,1.9,6.4,9.6,1608,1095,369
4752,"Binary Black Hole",ANOTHER,12.5,9.6,10.8,12.9,447,260,44
4755,"Silver Bullet",ANOTHER,12.4,6.8,9.7,12.2,863,438,78
4768,"NEW GENERATION -もう、お前しか見えない-",LEGGENDARIA,12.3,6.1,9.6,12.2,719,369,63
4780,"PLASMA SOUL NIGHT feat. Nana Takahashi / 709sec.",ANOTHER,12.4,7.2,9.4,11.7,846,505,116
4783,"烽火連天の刃",ANOTHER,12.3,6.4,8.7,11.2,925,567,148
4789,"Push on Beats!～音ゲの国のeX-ストリーマー～",ANOTHER,12.3,6.0,8.5,11.4,896,570,126
4792,"2 Beasts Unchained",ANOTHER,12.4,7.7,9.8,12.1,523,315,62
4798,"逆月",ANOTHER,12.4,5.6,8.1,11.1,991,633,161
4804,"世界の果てに約束の凱歌を -ReUnion-",ANOTHER,12.3,5.9,8.3,11.3,1202,753,160
4806,REVOLVER,LEGGENDARIA,12.5,8.2,10.6,13.0,578,272,42
4807,"Scripted Connection⇒ A mix",LEGGENDARIA,12.4,7.6,9.5,11.8,660,419,89
4813,"Flying Castle",ANOTHER,12.4,6.6,8.6,11.2,893,607,148
4819,WHA,ANOTHER,12.5,7.0,10.4,13.5,765,295,20
4825,"天邪鬼",ANOTHER,12.4,5.9,8.2,10.8,1110,727,201
4828,"ABSOLUTE EVIL",ANOTHER,12.4,6.4,8.8,11.6,1005,601,124
4831,n/a,ANOTHER,12.7,11.4,12.5,13.9,170,74,9
4835,Phoenix,LEGGENDARIA,12.7,10.9,12.0,13.7,226,110,16
4838,"RAGE feat.H14 of LEONAIR",ANOTHER,12.5,7.5,10.0,12.8,714,346,35
4841,"Smalt #28598F",ANOTHER,12.3,3.9,7.2,9.9,1314,875,318
4844,"ピアノ独奏無言歌 ""灰燼""",ANOTHER,12.7,10.6,12.1,13.6,263,99,19
4845,"Time to Air",LEGGENDARIA,12.5,9.6,10.4,12.8,364,268,39
4852,"Fire Beat",ANOTHER,11.8,1.2,6.1,9.9,945,632,207
4855,GRAVITON,ANOTHER,12.4,7.7,9.2,11.3,649,470,134
4868,GIGANT,LEGGENDARIA,12.1,3.9,6.9,10.0,926,686,228
4869,Override,LEGGENDARIA,12.6,9.0,10.3,12.2,455,302,76
4870,Umbral,LEGGENDARIA,12.2,5.7,7.8,10.5,829,600,195
4871,"華爛漫 -Flowers-",LEGGENDARIA,12.4,7.4,9.2,11.5,722,481,125
4875,"Illegal Function Call",LEGGENDARIA,12.7,11.4,13.4,14.2,149,36,2
4881,Arkadia,ANOTHER,12.5,7.4,9.5,11.8,743,445,104
4887,hard-wired,ANOTHER,12.5,8.2,10.7,13.6,556,243,16
4893,"雪上断火",ANOTHER,12.0,1.4,5.7,9.7,1237,849,232
4899,anthracene,ANOTHER,12.3,5.5,7.9,10.9,1137,739,186
4902,B.O.D.Y.,ANOTHER,12.3,4.6,7.3,10.1,1273,857,278
4905,"Bad Encryption",ANOTHER,12.5,8.5,11.3,13.5,588,191,24
4929,Meissa,ANOTHER,12.0,2.7,6.4,9.8,1388,955,304
4935,"No Border",ANOTHER,12.3,5.3,8.0,10.7,1228,756,214
4965,TECHNOPHOBIA,ANOTHER,12.3,6.0,8.4,11.5,1132,710,133
4992,"儚キ戀ノ幻想譚",ANOTHER,12.4,6.9,9.0,11.4,926,589,146
5016,I,ANOTHER,12.3,6.1,8.3,11.0,882,586,153
5019,RINNE,ANOTHER,12.4,7.3,9.6,11.8,677,401,89
5025,"[ ]DENTITY",ANOTHER,12.5,7.5,9.9,12.3,637,343,58
5028,VOLAQUAS,ANOTHER,12.4,6.5,9.2,11.9,587,328,70
5031,"ハイテックトキオ",LEGGENDARIA,12.2,3.2,6.7,9.8,1229,872,293
5032,"rage against usual",LEGGENDARIA,12.4,6.9,11.6,13.6,707,127,18
5033,"The Limbo",LEGGENDARIA,12.7,11.6,12.8,13.9,137,59,8
5045,"Peaktime Booster",ANOTHER,12.2,3.5,8.1,11.7,1094,581,88
5048,"LOUDER ROLLING THUNDER",ANOTHER,12.4,6.6,9.6,12.1,750,378,68
5060,"Hat Surprise (Season 2)",ANOTHER,12.2,4.9,7.1,10.0,891,653,229
5063,"Ou Legends",ANOTHER,12.3,6.1,8.9,11.7,739,446,89
5073,"Sweet Clapper",LEGGENDARIA,12.3,5.7,8.1,10.7,1046,674,193
5074,"デモーニッシュ",LEGGENDARIA,12.4,6.8,9.1,11.8,712,463,90
5088,"ONE AND ONLY",ANOTHER,12.1,3.6,6.3,9.9,1143,854,256
5091,"Super Freak",ANOTHER,12.2,4.2,7.7,10.7,1000,630,177
5094,"Level 4",ANOTHER,12.4,6.4,9.4,12.2,758,394,57
5115,"The Clown of 24stairs",ANOTHER,12.4,7.4,10.5,12.9,506,215,34
5118,"恋愛＝精度×認識力",ANOTHER,12.3,5.3,8.7,11.9,601,314,60
5124,"dica dica",ANOTHER,12.2,4.0,7.7,11.0,1037,615,132
5125,"Burning Flame",LEGGENDARIA,12.3,5.5,8.0,11.0,678,463,131
5127,"龍王の霊廟(Mausoleum Of The Primal Dragon)",LEGGENDARIA,12.4,6.5,9.9,12.7,611,293,40
5130,"kors k's How to make OTOGE CORE 「LONG」",ANOTHER,12.3,6.3,8.6,11.2,730,465,137
5133,"Beyond Evolution",ANOTHER,12.6,9.6,12.4,13.9,366,76,8
5145,glacia,ANOTHER,12.3,5.3,7.5,10.3,898,625,207
5148,Chaotoxin,ANOTHER,12.4,6.2,9.5,11.8,755,377,85
5151,"栄冠のカンパネラ",ANOTHER,12.5,8.7,10.7,13.1,428,221,31
5154,BIGWAVERS,ANOTHER,12.3,5.9,8.5,11.1,730,453,136
5157,Somnidiscotheque,ANOTHER,12.7,11.8,13.0,14.1,109,44,4
5169,"神のシナリオ",ANOTHER,12.2,3.8,7.6,10.8,911,572,140
5172,"ぞうしょく！？マイデンティティ",ANOTHER,12.3,6.1,8.6,11.3,640,412,108
5175,Xerulean,ANOTHER,12.6,9.6,11.0,13.2,313,166,25
5184,"MAX 300",ANOTHER,12.3,6.0,9.2,12.1,612,341,61
5190,OTOKOZAKA,ANOTHER,12.1,5.0,7.3,10.0,825,599,212
5194,"Elektrick U-Phoria",LEGGENDARIA,12.6,8.8,10.5,12.6,333,204,41
5196,"Violet Pulse",LEGGENDARIA,12.5,8.2,10.5,12.6,404,203,40
5197,"four pieces of heaven",LEGGENDARIA,12.6,10.5,12.3,13.8,184,63,6
5200,#CMFLG,ANOTHER,12.0,1.8,6.1,9.9,905,660,208
5203,"24h Endurance Race",ANOTHER,12.3,6.1,9.0,11.9,646,354,68
5206,"Always We Trust In You",ANOTHER,12.2,4.1,8.1,11.2,693,406,103
5218,"MAX 360",ANOTHER,12.2,2.9,6.9,10.5,676,450,133
5227,Stylus,ANOTHER,12.3,4.6,7.4,10.4,712,474,149
5233,"VØID",ANOTHER,12.4,7.5,10.2,12.5,391,191,36
5239,suspicions,ANOTHER,12.5,8.9,10.3,12.3,246,167,40
5255,ATHER,LEGGENDARIA,12.1,1.5,8.4,11.5,556,284,69
5256,"Dances with Snow Fairies",LEGGENDARIA,12.7,11.5,13.0,14.0,119,39,5
5272,Dahlia,ANOTHER,12.1,2.9,6.4,10.3,1026,770,193
5284,frequent,ANOTHER,12.3,5.0,7.6,10.6,897,607,171
5287,"GAME ON",ANOTHER,12.2,3.4,7.7,11.2,987,566,103
5293,"Ghost Pulse",ANOTHER,12.2,4.3,7.4,10.1,1012,687,224
5305,"JUSTICE/GUILTY feat. Nana Takahashi & 709sec.",ANOTHER,12.1,3.3,6.7,10.2,1046,740,207
5317,"SOLAR ECLIPSE",ANOTHER,12.4,6.0,10.0,13.1,758,279,25
5371,"摩天楼",ANOTHER,12.4,7.0,9.1,11.8,641,406,83
5380,"恋する☆宇宙戦争っ！！",LEGGENDARIA,12.4,6.6,9.0,11.6,619,388,96
5381,"BLUE DRAGON(雷龍RemixIIDX)",LEGGENDARIA,12.2,5.6,8.7,11.5,700,418,96
5382,CODE:0,LEGGENDARIA,12.5,7.8,10.0,12.7,400,229,30
5397,"《PL|RAYER》",ANOTHER,11.8,1.0,4.1,7.9,918,777,360
5403,"電光",ANOTHER,12.0,0.9,5.4,9.4,893,672,224
5418,Sirius,ANOTHER,12.0,0.9,4.7,8.6,867,704,257
5421,"終焔のClaudia",ANOTHER,12.2,2.7,6.9,10.3,815,537,150
5424,"灼熱Beach Side Bunny (かめりあ's ""Summertime D'n'B"" Remix)",ANOTHER,12.2,2.6,7.0,10.8,773,490,102
5439,"Out of Control",ANOTHER,12.3,5.9,9.4,12.1,677,317,53
5442,"Vermilion Carol",ANOTHER,12.3,5.1,8.3,11.1,705,410,109
5445,"Logic Board",ANOTHER,12.5,8.8,10.5,12.5,402,232,47
5446,"表裏一体！？怪盗いいんちょの悩み",LEGGENDARIA,12.4,8.0,10.4,12.6,359,188,36
100001,"Breakin' Rules",ANOTHER,12.0,1.1,0.0,0.0,0,0,0
